url,category
youtube.com,Entertainment
facebook.com,Social Media
reddit.com,Social Media
drive.google.com,Work Tools
studio.youtube.com,Entertainment
asuracomic.net,Entertainment
google.com,Others
merriam-webster.com,Others
roadmap.sh,Developer
github.com,Developer
dictionary.cambridge.org,Others
jiyuublocker.vercel.app,Others
vercel.com,Developer
mangaplus.shueisha.co.jp,Entertainment
fitgirl-repacks.site,Games
weebcentral.com,Entertainment
docs.google.com,Work Tools
producthunt.com,Developer
linkedin.com,Social Media
mail.google.com,Work Tools
help.producthunt.com,Developer
ycombinator.com,Developer
microlaunch.net,Developer
simplelister.com,Developer
techcrunch.com,Developer
news.ycombinator.com,Developer
crunchbase.com,Developer
productivity.directory,Developer
alternativeto.net,Others
aheroapp.com,Others
manhwaclan.com,Entertainment
x.com,Social Media
en.wikipedia.org,Others
wionews.com,Others
chatgpt.com,Work Tools
spring.io,Developer
localhost,Others
geeksforgeeks.org,Others
vibrantpublishers.com,Others
stackoverflow.com,Developer
w3schools.com,Educational
medium.com,Others
mvnrepository.com,Others
baeldung.com,Others
signin.aws.amazon.com,Developer
portal.aws.amazon.com,Developer
mgeko.cc,Entertainment
flamecomics.xyz,Entertainment
cicerakes.github.io,Developer
my.clevelandclinic.org,Others
prydwen.gg,Others
lootbar.gg,Others
manhuaus.com,Entertainment
mangadex.org,Entertainment
indiegameawards.gg,Games
browser.yandex.ru,Others
openai.com,Others
platform.openai.com,Others
auth.openai.com,Others
community.openai.com,Others
platform.claude.com,Others
accounts.google.com,Others
docs.github.com,Work Tools
aura-movies.pages.dev,Developer
stardewvalley.net,Games
gog.com,Games
humblebundle.com,Others
dodi-repacks.site,Games
cs.rin.ru,Games
datanodes.to,Others
planetzoogame.com,Games
scream-db.web.app,Others
epicgames.com,Games
jurassicworldevolution.com,Games
nexusmods.com,Others
travelergp.com,Others
game-repack.site,Games
rutracker.org,Games
talesofdancingcurls.medium.com,Others
start.spring.io,Developer
nsfwdog.com,Others
pgmodeler.io,Developer
database.build,Developer
nhentai.net,Adult
123av.com,Adult
hackdex.app,Others
game8.co,Games
wxt.dev,Developer
ankiweb.net,Educational
hitomi.la,Adult
forum.allkpop.com,Others
pgadmin.org,Others
postgresql.org,Developer
kea.live,Others
krispitech.com,Developer
enterprisedb.com,Developer
crackrelease.com,Games
neon.com,Developer
messenger.com,Social Media
huggingface.co,Developer
farmville3.com,Games
apps.apple.com,Others
store.steampowered.com,Games
hayday.com,Others
mylittlefarmies.upjers.com,Others
pypi.org,Developer
statology.org,Others
pandas.pydata.org,Others
logos.com,Others
apps.microsoft.com,Others
bible.berinaniesh.xyz,Educational
afrankvoice.com,Others
biblegateway.com,Educational
biblestudytools.com,Educational
gntreader.com,Educational
biblesearch.global.bible,Educational
blueletterbible.org,Educational
auth.faithlife.com,Others
jdgreear.com,Others
steamcommunity.com,Games
users.nexusmods.com,Games
curseforge.com,Games
forums.stardewvalley.net,Games
stardew-valley-expanded.fandom.com,Games
music.youtube.com,Entertainment
imgur.com,Others
stardewvalleywiki.com,Games
manhuafast.net,Entertainment
annas-archive.org,Games
steamworkshopdownloader.io,Games
app.logos.com,Educational
blog.newspapers.com,Others
download.kurogames.net,Games
ridgeside.fandom.com,Games
wise.com,Others
ezmanga.org,Entertainment
hindustantimes.com,Others
vedal.ai,Others
forums.mangadex.org,Games
sdk-prod-cdn-aws.kurogame-service.com,Games
wuwatracker.com,Games
perfect-power-level-list.fandom.com,Others
cineby.gd,Others
vidking.net,Others
reset-scans.org,Entertainment
mite.otonity.com,Others
video.twimg.com,Others
thegamer.com,Games
wutheringwaves.fandom.com,Games
stardewvalley.fandom.com,Games
thorinair.github.io,Developer
perplexity.ai,Developer
kaggle.com,Developer
claude.ai,Others
datacamp.com,Others
developer.android.com,Developer
mfopex.com,Social Media
ai.google.dev,Developer
developers.googleblog.com,Developer
jmail.world,Others
steamcharts.com,Games
smapi.io,Developer
dotnet.microsoft.com,Others
harmony.pardeike.net,Games
stardewmodding.wiki.gg,Games
quora.com,Others
discord.com,Games
interaksyon.philstar.com,Others
aws.amazon.com,Developer
repost.aws,Developer
mangaomega.com,Entertainment
page.onstove.com,Games
store.onstove.com,Games
accounts.onstove.com,Games
moddrop.com,Games
ridgesidevillage.wiki.gg,Games
ww2.hakush.in,Games
payment.kurogame-service.com,Games
veepn.com,Others
protonvpn.com,Others
vpngate.net,Others
openvpn.net,Others
whatismyipaddress.com,Others
ipaddress.my,Others
umavpn.top,Others
ipinfo.io,Others
alipay.kurogame-service.com,Games
eastscarp.wiki.gg,Games
siliconera.com,Others
kunmanga.com,Entertainment
vortexscans.org,Entertainment
fonts.google.com,Others
gotquestions.org,Educational
heavenonwheels.org,Others
brooklynjsu.wordpress.com,Others
ap-southeast-2.signin.aws.amazon.com,Developer
myaccount.google.com,Others
support.console.aws.amazon.com,Developer
awseducate.com,Educational
login.us-east-1.auth.skillbuilder.aws,Developer
us-east-1.signin.aws,Developer
profile.aws.amazon.com,Developer
kemonoparty.org,Adult
ph.search.yahoo.com,Others
loiflix.shop,Others
kemono.cv,Adult
tonite.abante.com.ph,Others
bunpro.jp,Educational
mynoise.net,Educational
onlineapp.national-u.edu.ph,Educational
login.microsoftonline.com,Others
kingofshojo.com,Entertainment
arenascan.com,Entertainment
comikey.com,Entertainment
jlpt.jp,Educational
eastscarp.fandom.com,Games
seobility.net,Others
search.google.com,Others
stayfocusd.com,Others
sitechecker.pro,Others
chromereleases.googleblog.com,Others
support.google.com,Others
trace-of-you-app.vercel.app,Others
paypal.com,Others
colab.research.google.com,Others
netron.app,Others
gist.github.com,Developer
universe.roboflow.com,Developer
pixiv.net,Adult
commons.apache.org,Others
blog.roboflow.com,Developer
app.roboflow.com,Developer
roboflow.com,Developer
discuss.roboflow.com,Developer
opencv.org,Developer
docs.ultralytics.com,Developer
codeconvert.ai,Others
codingfleet.com,Others
roliascan.com,Entertainment
w2.fragrantflowerbloomswithdignity.com,Others
app.diagrams.net,Developer
complexbowler.neocities.org,Others
blog.google,Others
chrome-stats.com,Others
gametora.com,Others
m.imdb.com,Others
ctdv.io,Others
9animetv.to,Entertainment
gdscans.com,Entertainment
mangahome.com,Entertainment
mangafire.to,Entertainment
documentation.help,Developer
javacodegeeks.com,Developer
docs.openvino.ai,Work Tools
community.intel.com,Others
arxiv.org,Others
forums.developer.nvidia.com,Developer
community.ultralytics.com,Developer
gemini.google.com,Others
discuss.ai.google.dev,Developer
web.facebook.com,Social Media
jang.com.pk,Others
yahoo.com,Others
scribbr.com,Others
addons.mozilla.org,Developer
goreplace.org,Others
shutterstock.com,Others
teams.microsoft.com,Educational
philstarlife.com,Others
heretorecord.com,Others
accounts.firefox.com,Social Media
extensionworkshop.com,Others
eapp-gpteam.vercel.app,Educational
mui.com,Others
duetnightabyss.dna-panstudio.com,Games
iibc-global.org,Others
endfield.gryphline.com,Games
gamerant.com,Games
apps.facebook.com,Social Media
mayoclinic.org,Others
android.googlesource.com,Developer
stephencowchau.medium.com,Others
developers.google.com,Developer
docs.qualcomm.com,Work Tools
nyaa.si,Others
hakush.in,Others
faithlife.com,Educational
leetcode.com,Educational
community.playstarbound.com,Others
stardewcornucopia.wiki.gg,Games
pgr.kurogame.net,Games
ewfian.github.io,Developer
jsonformatter.org,Others
tiktok.com,Social Media
watch.thechosen.tv,Others
utoon.net,Entertainment
genshin-impact.fandom.com,Games
auth.mangadex.org,Others
forbes.com,Others
fastretailing.com,Others
gh-stats-gen.vercel.app,Others
hytale.com,Games
besweb.com,Others
bibletime.info,Educational
data.bettergov.ph,Others
ph.jobstreet.com,Educational
ph.indeed.com,Educational
paymongocareers.notion.site,Educational
orangeandbronze.com,Others
you-source.com,Others
ph.prosple.com,Educational
whitewidget.com,Educational
form.jotform.com,Others
jobs.lever.co,Others
en.gecogeco.com,Others
airtable.com,Others
globe.wd3.myworkdayjobs.com,Others
numanila-autobackup.s3.ap-southeast-1.amazonaws.com,Developer
infobip.wd3.myworkdayjobs.com,Others
careers-page.com,Others
jobs.smartrecruiters.com,Others
manulife.wd3.myworkdayjobs.com,Others
arcadian.bamboohr.com,Others
kumu.bamboohr.com,Others
remoteok.com,Others
m365consult.com,Others
docs.roboflow.com,Work Tools
rfdetr.roboflow.com,Others
onnxruntime.ai,Developer
waynestalk.com,Others
jisho.org,Educational
web-api.gryphline.com,Games
radical.net,Others
jujutsu-kaisen.fandom.com,Others
kmanga.kodansha.com,Others
bing.com,Others
rewards.bing.com,Others
freejapanesefont.com,Educational
toraka.com,Others
wetransfer.com,Others
test-expl.vercel.app,Others
pcgamer.com,Others
pytorch.org,Others
twitch.tv,Entertainment
docs.djl.ai,Work Tools
thegospelcoalition.org,Others
nte.perfectworld.com,Others
arknights.wiki.gg,Games
wutheringwaves.kurogames.com,Games
lolesports.com,Others
delta-executor.com,Games
voxlis.net,Games
deltaexploits.gg,Games
delta.filenetwork.vip,Others
rscripts.net,Others
scriptblox.com,Social Media
reincarnationoftheveteransoldier.com,Entertainment
sunberryvillage.wiki.gg,Games
drive.usercontent.google.com,Work Tools
arknights.global,Games
kick.com,Others
erasmus.dev,Developer
bibleread.online,Educational
bibleref.com,Educational
pinterest.com,Entertainment
learn.microsoft.com,Educational
auth.platorelay.com,Others
linkvertise.com,Others
recruit.hennge.com,Others
readme.so,Others
profile-readme-generator.com,Others
braydoncoyer.dev,Developer
leviarista.github.io,Developer
readme-gen.vercel.app,Others
ieeexplore.ieee.org,Others
play.google.com,Others
bbc.com,Others
mb.com.ph,Others
bpi.com.ph,Others
arztsamuel.github.io,Developer
wallet.google.com,Others
gsmarena.com,Others
bible.com,Educational
bigflake.com,Others
chat.stackoverflow.com,Developer
forms.office.com,Educational
careers.bdo.com.ph,Others
hotelsogo.com,Others
cve.org,Others
android.stackexchange.com,Developer
clawd.bot,Others
jlpt-apply.jfmo.org.ph,Educational
jlpt-overseas.jp,Educational
onedrive.live.com,Educational
dinushansriskandaraja.medium.com,Others
certificates.cs50.io,Educational
ovu.moe,Others
ecency.com,Others
sangsoonam.github.io,Developer
docs.vultr.com,Work Tools
meet.google.com,Educational
login.live.com,Others
login.microsoft.com,Educational
account.live.com,Educational
fastapi.tiangolo.com,Developer
figma.com,Educational
globe.com.ph,Others
revenue.ennead.cc,Games
ctvnews.ca,Others
abcnews.go.com,Others
supabase.com,Others
